-- phpMyAdmin SQL Dump
-- version 4.5.1
-- http://www.phpmyadmin.net
--
-- Host: 127.0.0.1
-- Generation Time: Jan 17, 2017 at 07:18 PM
-- Server version: 10.1.9-MariaDB
-- PHP Version: 5.5.30

SET SQL_MODE = "NO_AUTO_VALUE_ON_ZERO";
SET time_zone = "+00:00";


/*!40101 SET @OLD_CHARACTER_SET_CLIENT=@@CHARACTER_SET_CLIENT */;
/*!40101 SET @OLD_CHARACTER_SET_RESULTS=@@CHARACTER_SET_RESULTS */;
/*!40101 SET @OLD_COLLATION_CONNECTION=@@COLLATION_CONNECTION */;
/*!40101 SET NAMES utf8mb4 */;

--
-- Database: `oldermore_db`
--

-- --------------------------------------------------------

--
-- Table structure for table `chat`
--

CREATE TABLE `chat` (
  `id` int(11) NOT NULL,
  `user_id` int(11) NOT NULL,
  `friend_id` int(11) NOT NULL,
  `message` text COLLATE utf8_unicode_ci NOT NULL,
  `timestamp` timestamp NOT NULL DEFAULT CURRENT_TIMESTAMP
) ENGINE=InnoDB DEFAULT CHARSET=utf8 COLLATE=utf8_unicode_ci;

--
-- Dumping data for table `chat`
--

INSERT INTO `chat` (`id`, `user_id`, `friend_id`, `message`, `timestamp`) VALUES
(1, 13, 16, 'Hello mom', '2017-01-17 17:53:24'),
(2, 13, 16, 'eiei', '2017-01-17 17:56:21'),
(3, 13, 16, 'dfgdgfdg', '2017-01-17 18:12:23'),
(4, 13, 16, 'dfgdg', '2017-01-17 18:12:24'),
(5, 13, 16, 'fdgdfg', '2017-01-17 18:12:24'),
(6, 13, 16, 'dfgdfg', '2017-01-17 18:12:25'),
(7, 13, 16, 'ggggggggg', '2017-01-17 18:12:30'),
(8, 13, 16, '2', '2017-01-17 18:12:48'),
(9, 13, 16, 'dd', '2017-01-17 18:13:19'),
(10, 13, 16, 'dfdf', '2017-01-17 18:13:19'),
(11, 13, 16, 'dfdsf', '2017-01-17 18:13:20'),
(12, 13, 16, 'safas555', '2017-01-17 18:13:21'),
(13, 13, 16, '555', '2017-01-17 18:13:22'),
(14, 13, 16, '585+', '2017-01-17 18:13:24'),
(15, 13, 16, '88', '2017-01-17 18:13:25'),
(16, 13, 15, '55', '2017-01-17 18:16:02');

-- --------------------------------------------------------

--
-- Table structure for table `emergency`
--

CREATE TABLE `emergency` (
  `emergency_id` int(11) NOT NULL,
  `emergency_name` varchar(500) COLLATE utf8_unicode_ci DEFAULT NULL,
  `emergency_mobile` varchar(20) COLLATE utf8_unicode_ci DEFAULT NULL,
  `emergency_image` varchar(500) COLLATE utf8_unicode_ci NOT NULL,
  `user_id` int(11) NOT NULL,
  `timestamp` timestamp NOT NULL DEFAULT CURRENT_TIMESTAMP
) ENGINE=InnoDB DEFAULT CHARSET=utf8 COLLATE=utf8_unicode_ci;

--
-- Dumping data for table `emergency`
--

INSERT INTO `emergency` (`emergency_id`, `emergency_name`, `emergency_mobile`, `emergency_image`, `user_id`, `timestamp`) VALUES
(1, 'Pa Pen', '0899999999', 'Screenshot_2016-12-12-20-33-32.png', 13, '2016-12-19 14:30:21'),
(4, 'Nana Eiei', '0898956565', 'Screenshot_2016-12-07-23-13-54.png', 13, '2016-12-27 16:43:07'),
(5, 'Pana Bannana', '0899996666', 'Screenshot_2016-12-07-23-13-46.png', 13, '2016-12-28 02:52:47'),
(6, 'aaa bbbb', '0869524154', 'Screenshot_2016-12-12-20-33-32.png', 16, '2017-01-08 08:24:52');

-- --------------------------------------------------------

--
-- Table structure for table `emergency_phone`
--

CREATE TABLE `emergency_phone` (
  `id` int(11) NOT NULL,
  `image` varchar(500) COLLATE utf8_unicode_ci NOT NULL,
  `mobile` varchar(20) COLLATE utf8_unicode_ci NOT NULL,
  `timestamp` timestamp NOT NULL DEFAULT CURRENT_TIMESTAMP
) ENGINE=InnoDB DEFAULT CHARSET=utf8 COLLATE=utf8_unicode_ci;

--
-- Dumping data for table `emergency_phone`
--

INSERT INTO `emergency_phone` (`id`, `image`, `mobile`, `timestamp`) VALUES
(1, 'one.png', '1111', '2017-01-09 15:17:59'),
(2, 'two.png', '191', '2017-01-09 15:17:59'),
(3, 'three.png', '1356', '2017-01-09 15:21:16'),
(4, 'four.jpg', '1690', '2017-01-09 15:21:16'),
(5, 'five.png', '1197', '2017-01-09 15:21:16'),
(6, 'six.png', '1669', '2017-01-09 15:21:16'),
(7, 'seven.png', '1130', '2017-01-09 15:21:16'),
(8, 'eig.png', '199', '2017-01-09 15:21:16'),
(9, 'nig.png', '1125', '2017-01-09 15:21:16');

-- --------------------------------------------------------

--
-- Table structure for table `friend`
--

CREATE TABLE `friend` (
  `id` int(11) NOT NULL,
  `user_id` int(11) NOT NULL,
  `friend_id` int(11) NOT NULL,
  `timpstamp` timestamp NOT NULL DEFAULT CURRENT_TIMESTAMP
) ENGINE=InnoDB DEFAULT CHARSET=utf8 COLLATE=utf8_unicode_ci;

--
-- Dumping data for table `friend`
--

INSERT INTO `friend` (`id`, `user_id`, `friend_id`, `timpstamp`) VALUES
(1, 13, 13, '2017-01-08 06:29:35'),
(2, 15, 15, '2017-01-08 06:31:05'),
(4, 16, 16, '2017-01-08 08:23:41'),
(5, 16, 13, '2017-01-08 08:27:51'),
(6, 13, 16, '2017-01-08 08:27:51'),
(7, 17, 17, '2017-01-16 10:32:46'),
(8, 18, 18, '2017-01-16 10:36:22'),
(9, 13, 15, '2017-01-16 10:41:52'),
(10, 15, 13, '2017-01-16 10:41:53'),
(11, 13, 17, '2017-01-17 14:16:15'),
(12, 17, 13, '2017-01-17 14:16:15');

-- --------------------------------------------------------

--
-- Table structure for table `health`
--

CREATE TABLE `health` (
  `health_id` int(11) NOT NULL,
  `con_disease` varchar(1000) COLLATE utf8_unicode_ci DEFAULT NULL,
  `drug_allergy` varchar(1000) COLLATE utf8_unicode_ci DEFAULT NULL,
  `doctor` varchar(1000) COLLATE utf8_unicode_ci DEFAULT NULL,
  `doctor_mobile` varchar(20) COLLATE utf8_unicode_ci DEFAULT NULL,
  `hotel` varchar(1000) COLLATE utf8_unicode_ci DEFAULT NULL,
  `hotel_mobile` varchar(20) COLLATE utf8_unicode_ci DEFAULT NULL,
  `user_id` int(11) DEFAULT NULL,
  `timestamp` timestamp NOT NULL DEFAULT CURRENT_TIMESTAMP
) ENGINE=InnoDB DEFAULT CHARSET=utf8 COLLATE=utf8_unicode_ci;

--
-- Dumping data for table `health`
--

INSERT INTO `health` (`health_id`, `con_disease`, `drug_allergy`, `doctor`, `doctor_mobile`, `hotel`, `hotel_mobile`, `user_id`, `timestamp`) VALUES
(6, 'aaaaa', 'wwwww', 'eeee', '0899696666', 'sfsfsfsf', '0956666666', 13, '2016-12-19 14:04:14');

-- --------------------------------------------------------

--
-- Table structure for table `knowledge`
--

CREATE TABLE `knowledge` (
  `id` int(11) NOT NULL,
  `image` varchar(1000) COLLATE utf8_unicode_ci NOT NULL,
  `status` text COLLATE utf8_unicode_ci NOT NULL,
  `url` varchar(1000) COLLATE utf8_unicode_ci NOT NULL,
  `timeStamp` timestamp NOT NULL DEFAULT CURRENT_TIMESTAMP ON UPDATE CURRENT_TIMESTAMP
) ENGINE=InnoDB DEFAULT CHARSET=utf8 COLLATE=utf8_unicode_ci;

--
-- Dumping data for table `knowledge`
--

INSERT INTO `knowledge` (`id`, `image`, `status`, `url`, `timeStamp`) VALUES
(1, 'k1.jpg', 'วิธีการเตรียมพร้อมออมเงินเพื่อวัยหลังเกษียณ\r\n\r\nสำหรับวัยชราหรือวัยสูงอายุเรียกว่าไม่มีใครหลีกหนีพ้นต้องพบเจอกันทุกคน แต่หากเรามีการเตรียมตัวกันให้พร้อมเพื่อต้อนรับวัยแห่งการเกษียณอย่างชาญฉลาด โดยเฉพาะการรู้จักบริหารเงินให้มีเงินออมในวัยหลังเกษียณแล้วล่ะก็ จะทำให้ชีวิตในช่วงวัยหลังเกษียณนี้มีความสุขได้อย่างไม่ยากเลยทีเดียว ลองมาดูวิธีการเตรียมออมเงินให้พร้อมหลังวัยเกษียณกันว่ามีอะไรบ้าง\r\n \r\n\r\n1. ตั้งเป้าเก็บเงินสำรองไว้ใช้จ่ายยามฉุกเฉิน หรือจำเป็นในชีวิต โดยในช่วงวัยทำงานที่ยังหนุ่มยังสาวต้องรู้จักคิด และ\r\n\r\nคำนวณเงินกันว่าในแต่ละวันมีรายรับ-รายจ่ายในเรื่องใดบ้าง และเรื่องใดที่สำคัญ จำเป็น หรือเป็นสิ่งฟุ่มเฟือย ต้องมีการ\r\n\r\nจัดสันปันส่วนให้ถูก เพื่อให้ได้เงินออมที่สามารถเก็บได้เป็นประจำไว้ใช้จ่ายในวัยหลังเกษียณ\r\n\r\n \r\n\r\n2. คิดให้รอบคอบก่อนการใช้เงิน หากอยากมีชีวิตในช่วงวัยหลังเกษียณได้อย่างมีความสุข จำเป็นต้องตัดสิ่งฟุ่มเฟือยทิ้ง\r\n\r\nเพราะวัยที่มากขึ้นเท่ากับสุขภาพที่เริ่มอ่อนแอถดถอยลงไปทุกขณะ หากไม่ออมเงินไว้แต่เนิ่นๆ ก็จะไม่เงินสำรองสำหรับ\r\n\r\nใช้จ่ายในวัยหลังเกษียณ อีกทั้งยังกลายเป็นภาระให้แก่ลูกหลานอีกด้วย\r\n\r\n \r\n\r\n3. เลือกออมเงินได้หลากหลายวิธี ไม่ว่าจะเป็นการฝากเงินประจำ หรือการทำประกันต่างๆ รวมทั้งการซื้อสลาก ซื้อทอง\r\n\r\nเพื่อเก็งกำไร หรือการลงทุนเล่นหุ้น และลงทุนในธุรกิจต่างๆ เป็นต้น\r\n\r\n \r\n\r\n4. สร้างรายได้ให้มากขึ้น อาจทำให้คุณจะได้รับเงินบำนาญหลังเกษียณที่สูงตามไปด้วย(ถ้าคุณรู้จักเก็บออมควบคู่กันไป) ทำให้\r\n\r\nสามารถใช้ชีวิตในช่วงวัยหลังเกษียณได้อย่างมีความสุขมากขึ้นในแบบพอเพียง หรืออาจหางานอดิเรกทำเพื่อเสริมรายได้\r\n\r\nอีกทางหนึ่งก็ดีไม่น้อย เพราะนอกจากจะช่วยให้มีรายได้เสริมแล้ว ยังช่วยแก้เหงาได้อีกด้วย', '', '2017-01-10 04:18:25'),
(2, 'k2.jpg', '14 วิธีแก้ปัญหา "นอนไม่หลับ"\n\n1.สีของห้องนอนควรเลือกใช้สีที่ให้ผลทางอารมณ์สงบ เพราะเชดสีที่เปลี่ยนไปย่อมส่งผลต่ออารมณ์ของผู้พักผ่อนในห้องนั้น และอันที่จริงก็ไม่ตายตัวว่า "สี"ใดเฉพาะเจาะจงในการช่วยสร้างอารมณ์สงบ คำแนะนำคือ ให้เลือกสีใดสีหนึ่งที่ "ได้ผล" กับคุณ\n2.ควรจะมีปรอทวัดอุณหภูมิติดตั้งในห้อง ซึ่งจะช่วยให้คุณปรับสร้างสมดุลย์อุณหภูมิในห้องไม่ให้ร้อนหรือเย็นจนเกินไป ซึ่งห้องที่ร้อนเกินไปก็จะส่งผลต่อการหลับสนิท ส่วนห้องที่เย็นเกินไปย่อมส่งผลให้มีการเคลื่อนไหวร่างกายเพื่อทำให้อุ่นขึ้น ทั้งหมดจึงมีผลต่อการนอน\n3.การล็อคประตู เพราะบางคนรู้สึกนอนหลับได้สนิทใจกว่าเมื่อมีการล็อคประตูห้องนอนที่แน่นหนาไม่เกิดการพะวง\n4.วางโทรทัศน์ไว้ในห้องนอน และเปิดทิ้งไว้ขณะหลับแสงสว่างจากหน้าจอส่งผลต่อสมองของคุณในช่วงหลับมากกว่าตอนตื่นด้วยซ้ำ และยิ่งทำให้นอนหลับยากขึ้นและยังดึงดูดให้เราดูโทรทัศน์มากกว่าจะตั้งใจนอนหลับ\n5.เสียงของอุปกรณ์ภายในห้อง ควรจะปิดหรือปรับโทนเสียงลง เนื่องจากส่งผล รบกวนต่อการนอนหลับ\n6.หน้าต่างในห้องนอน ไม่ควรเปิดให้ดึงแสงภายนอกเข้ามารบกวนจนเกินไป เพราะกระทบทั้งสายตาและสมอง ควรติดตั้งม่านบังตาในเชดสีที่รับได้\n7.ติดตั้งไฟที่ผนังดีกว่าวางตำแหน่งโคมไฟตั้งโต๊ะไว้ที่หัวเตียง อย่างที่มักจะเห็นกัน และทำสวิทช์เพื่อกดเปิดปิดที่ใกล้ตัวแทน (เพื่อสะดวกในการลุกไปเข้าห้องน้ำกลางดึก) การวางโคมไฟไว้หัวเตียงใกล้ศีรษะจะยิ่งทำให้แสงแยงเข้าตาเมื่อเปิดใช้ และการติดตั้งไฟในห้องนอนควรใช้ไฟหรี่ด้วยหลอดไฟขนาดประมาณ 45 วัตต์ หรือต่ำกว่านั้น\n8.นาฬิกาปลุก ไม่ควรใช้นาฬิกาที่เห็นพื้นสีสะท้อนแสงในห้องที่มืดมากเกินไป หลีกเลี่ยงการใช้นาฬิกาดิจิทัลที่ให้แสงสว่างในห้องมืด และควรหันวางนาฬิกาปลุกในแบบขนานออกไป ไม่หันเข้ามาหาสายตาเราขณะนอนหลับ\n9.โทรศัพท์มือถือ แสงจากโทรศัพท์ หรือการตั้งสั่นย่อมมีผลต่อการนอนหลับทั้งสิ้น หากสามารถทำได้คือ หากต้องวางโทรศัพท์เพื่อชาร์จแบตเตอรี่ตอนกลางคืน ควรวางไว้นอกห้อง หรือไว้ให้ห่างจากเตียงนอน และหากจะใช้แค่ตั้งปลุก ก็ควรเลือกใช้นาฬิกาปลุกแทน และหากทำได้ ก็ควรตั้งโหมดที่ใช้สำหรับบน "เครื่องบิน" ที่จะรบกวนการนอนหลับน้อยสุด หรือตั้งโหมด "ฉุกเฉิน" ที่จะให้มีการเรียกเตือน หรือติดต่อได้เฉพาะเบอร์ที่เราเห็นว่าเป็นเบอร์ฉุกเฉิน นอกจากนี้คือการตั้งโหมดเครื่องให้เป็นโหมดกลางคืน เพื่อให้แสงจากเครื่องสว่างเป็นระยะ หรือตั้งเสียงเรียกเข้าให้เป็นแบบ "เงียบ"\n10.การเลือกหมอนรองศีรษะ ให้พอดีเพื่อช่วยในการผ่อนคลายกล้ามเนื้อทั้งร่างกายไปด้วยและช่วยผ่อนคลายความตึงเครียดตั้งแต่ศีรษะถึงคอถ้าหมอนนุ่มเกินไปก็ส่งผลให้การนอนมีลักษณะคางชิดอกเกินไป ควรเลือกหมอนที่ทำให้การนอนหลับในการคืน ไม่ทำให้รู้สึกสะดุดในการนอนพลิกตัวไปมาด้วย ทั้งนี้ควรเปลี่ยนหมอนหนุนศีรษะปีละครั้ง\n11.ที่นอน ขนาดของที่นอนที่เหมาะสมสำหรับการนอนคนเดียวไม่มีคำตอบแน่นอนว่าควรจะใช้ที่นอนไซส์ไหน แต่ถ้ามีผู้นอนด้วยควรจะใช้ ควีนไซส์หรือ 5 ฟุตขึ้นไป และคำนึงให้รอบคอบว่าหากคุณมีอาการปวดหลังก็ควรเลือกที่นอนให้เหมาะสม\n12.ผ้าปูเตียง ให้เลือกที่คุณชอบที่สุด แต่ควรเลือกที่เหมาะสมกับสภาพอากาศในห้องด้วย มีคำแนะนำให้เลือกผ้าปูเตียงแบบผ้าซาติน หรือผ้าฝ้าย และให้ระมัดระวังกับการเลือกใช้ผ้าที่ผสมใยโพลีเอสเตอร์ ซึ่งสะสมความร้อน และควรระวังเรื่องการแพ้ฝุ่นไรในผ้า จึงควรเลือกผลิตภัณฑ์ที่ใช้ไฮโปอัลเลอจิกป้องกันการแพ้ นอกจากนี้ควรเปลี่ยนผ้าปูเตียงทุกสัปดาห์\n13.ผ้าห่ม ควรเลือกที่มีลักษณะระบายอากาศเพื่อใม่ให้รู้สึกอึดอัด และสีผ้าห่มควรเป็นสีสว่างหรือสีอ่อนจะดีกว่า\n14.สัตว์เลี้ยง หากจำเป็นจริงๆไม่ควรนำสัตว์เลี้ยงไว้ในห้องนอนด้วยกัน เพราะผลวิจัยระบุว่า 53 เปอร์เซ็นต์ของผู้ที่เข้ารับการรักษาอาการมีปัญหาทางการนอนหลับ มักถูกรบกวนจากสัตว์เลี้ยงขณะนอนหลับ มีทั้งที่สุนัข แมว นอนกรน หรือการขึ้นมาคลอเคลียทำให้ขนมาระคายเคืองขณะหลับ\n\nโดย gidanan ganghair', '', '2017-01-10 07:46:00'),
(3, 'k3.jpg', 'น้ำ...ดื่มแค่ไหนดี\r\n\r\nคนสูงอายุควรรับประทานน้ำประมาณ 1 ลิตร ตลอดทั้งวัน แต่ทั้งนี้ควรจะปรับเองได้ ตามแต่ความต้องการของร่างกาย โดยให้ดูว่าปัสสาวะมีสีเหลืองอ่อนๆ เกือบขาวแสดงว่าน้ำในร่างกายเพียงพอแล้ว\r\nน้ำ เป็นเครื่องดื่มที่ไม่ให้พลังงาน แต่มีความจำเป็นแก่ร่างกายในการนำพาสารอาหารต่างๆ ไปยังอวัยวะภายในร่างกาย และทำให้ผิวพรรณสดใสและเกิดความสดชื่น น้ำที่ดื่มควรเป็นน้ำสะอาด บริสุทธิ์ ไตของผู้สูงอายุมีประสิทธิภาพน้อยลงในการขับถ่ายของเสีย การดื่มน้ำมากๆ ช่วยให้มีน้ำผ่านไปที่ไตมากพอที่จะช่วยไตขับถ่ายของเสียได้ง่ายขึ้น ผู้สูงอายุจึงควรดื่มน้ำสะอาดอย่างน้อยวันละ 6-8 แก้ว\r\n\r\nโดย saowalak pisitpaiboon', '', '2017-01-10 06:51:09'),
(4, 'k4.jpg', 'สูงอายุอย่างไรให้ห่างไกลความแก่\r\n\r\nดูแลตนเองทั้งภายในและภายนอก\r\nการดูแลตนเองทั้งภายในและภายนอก คือการดูแลสุขภาพร่างกาย หมั่นออกกำลังกาย ทานอาหารที่มีประโยชน์ เสริมแร่ธาตุที่จำเป็นต่อร่างกาย รู้จักรักษาความสะอาดและสุขอนามัยพื้นฐาน เป็นต้น ซึ่งถือเป็นพื้นฐานในการดูแลตนเองเป็นอย่างดี\r\n\r\nดำเนินชีวิตอย่างคนหนุ่มสาว\r\nไม่ใช่ว่าจะให้คุณไปทำทุกอย่างเหมือนคนหนุ่มสาวหรอกนะ เพียงแต่ให้คุณคิดเสมอว่าตนเองยังเป็นคนหนุ่มสาวอยู่ เช่น ใช้เวลาว่างในการดูหนัง ฟังเพลง วาดรูป หรือเต้นรำ ใส่เสื้อผ้ากระชากวัย ไม่ปล่อยเนื้อตัวเหมือนคนแก่ ไม่ทำผมเกินกว่าอายุ  และไม่เคร่งเครียดกับสิ่งรอบตัวจนเกินไป แต่สนุกสนานและหัวเราะกับมัน เป็นต้น\r\n\r\nการดำเนินชีวิตอย่างมีความสุข และเหมือนกับในวัยหนุ่มสาว ตามกำลังที่คุณสามารถทำได้ ช่วยให้คุณมีความสุข และรู้สึกดีได้อย่างวิเศษเลยล่ะ\r\n\r\nจัดการกับอารมณ์ของตนเองได้\r\nสิ่งสำคัญสิ่งสุดท้ายในการทำให้ตัวเองดูเด็ก หรือแก่ช้ากว่าคนรอบข้างคือสุขภาพจิตที่ดีนั่นเอง คุณควรจัดการกับสภาพอารมณ์ตนเองให้ได้ ไม่หงุดหงิดง่าย ไม่โมโหง่าย หรือมีอารมณ์แปรปรวนอยู่ตลอดเวลา สิ่งเหล่านั้นล้วนส่งผลต่อร่างกาย ทำให้เสื่อมโทรมเร็วไปอีก และอาจทำให้เกิดโรคตามมาได้\r\n\r\nคุณควรรู้จักปลงกับสถานการณ์รอบตัว และจัดการกับอารมณ์ความรู้สึกที่เกิดขึ้นได้ ทำจิตใจให้ผ่องใสเบิกบานอยู่เสมอ ก็จะช่วยทำให้คุณดูเด็ก ดูสดใส หากทำได้ยากก็ควรหาตัวช่วย เช่น นั่งสมาธิ เข้าวัดทำบุญ หรือหากิจกรรมที่ชอบทำ เพื่อจัดการกับอารมณ์ตนเอง\r\n\r\nอยากสูงอายุ อย่างห่างไกลความชราและโรคร้ายต่างๆ ก็อย่าลืมนำเอาหลักดีๆ ทั้ง 3 ประการนี้ไปปฏิบัติใช้ในชีวิตประจำวันดูนะคะ\r\n\r\nที่มา', 'http://www.thaiseniormarket.com', '2017-01-10 06:51:29'),
(5, 'k5.jpg', 'การหลงลืม ขี้ลืม ในผู้สูงอายุ\r\n\r\nอาการขี้ลืม มักเกิดขึ้นในวัยสูงอายุเป็นส่วนใหญ่ เช่น จำชื่อเพื่อนที่ไม่ได้เจอกันนานไม่ได้ จำไม่ได้ว่าวางของไว้ที่ใด หรือจำไม่ได้ว่าเก็บของเรียบร้อยก่อนออกมาจากบ้านหรือยัง เป็นต้น ซึ่งหากเป็นอาการขี้ลืม เข้าขั้นที่เรียกว่าหลงลืม อาจจะส่งผลกระทบต่อการดำเนินชีวิตและความปลอดภัยได้ เช่น ลืมปิดแก๊ส เป็นต้น\r\n\r\nอาการขี้ลืม เกิดจากการขาดสมาธิ ไม่ใส่ใจ การรีบเร่ง นอนไม่พอ ทำหลายอย่างในเวลาเดียวกัน รวมทั้งการทานยานอนหลับและยาลดน้ำมูก\r\n\r\nการดูแลตนเอง และป้องกันอาการหลงลืม ขี้ลืม\r\n- พยายามมีสมาธิกับสิ่งที่ทำ ไม่เครียด ไม่วิตกกังวลง่าย และไม่ทำหลายอย่างในเวลาเดียวกัน\r\n- ฝึกใช้สมองสม่ำเสมอ เช่น เล่นเกม ท่องจำ ร้องเพลง แก้โจทย์คณิตศาสตร์ เป็นต้น เพื่อฝึกความจำ และป้องกันสมองเสื่อม\r\n- ทานอาหารที่มีประโยชน์ครบ 5 หมู่ โดยจำกัดไขมัน แป้ง ความเค็ม และน้ำตาล รวมถึงหลีกเลี่ยงเครื่องดื่มแอลกอฮอล์ และงดสูบบุหรี่\r\n- หากมีความผิดปกติทางสมอง ควรพบแพทย์\r\n- อย่าหลงเชื่อเครื่องดื่มบำรุงสมอง หรืออาหารเสริมที่อ้างสรรพคุณว่าช่วยป้องกันอาการหลงลืม หรือช่วยเรื่องความจำได้ เพราะยังไม่มีการรับรอง และอาจก่อให้เกิดอาการแพ้สิ่งเหล่านี้ได้\r\n\r\nหากคุณเริ่มมีอาการขี้ลืม หรือหลงลืมอะไรบ่อยๆ อย่าคิดว่าเป็นเรื่องปกติของช่วงวัยนะคะ ควรรีบไปพบแพทย์ เพื่อตรวจเช็คอาการต่อไป เพราะอาการขี้หลงขี้ลืม ที่คุณมองว่าเป็นเรื่องปกตินี่แหละ อาจจะเป็นอาการเริ่มต้นของโรคสมองเสื่อมก็ได้\r\n\r\nที่มา', 'http://www.thaiseniormarket.com', '2017-01-10 06:52:12'),
(6, 'k6.jpg', 'ในทุกวัน ผู้สูงอายุควรได้ทานอะไรบ้าง\r\n\r\nสำหรับบ้านที่มีผู้สูงอายุการ ดูแลผู้สูงอายุ คุณคงเอาใจใส่เรื่องอาหารการกินของญาติผู้ใหญ่เป็นพิเศษอยู่แล้ว แต่คุณทราบหรือไม่ ว่ามีสารอาหาร หรืออาหารประเภทใดบ้าง ที่ผู้สูงอายุควรได้รับในแต่ละวัน\r\n\r\nอาหารที่ผู้สูงอายุควรได้รับทุกวัน มีดังนี้\r\n\r\nเนื้อสัตว์\r\nควรเน้นเนื้อปลาและเนื้อไก่ ซึ่งเนื้อนุ่ม และมีไขมันที่พอเหมาะกับร่างกาย ซึ่งควรระวังก้าง และกระดูกด้วย การปรุงควรใส่ใจเรื่องความนุ่มของเนื้อให้ผู้สูงอายุสามารถเคี้ยวได้สะดวก\r\n\r\nถั่วเมล็ดแห้ง\r\nควรปรุงให้สุกด้วยการต้มให้เปื่อยนุ่ม\r\n\r\nผักและผลไม้\r\nเพื่อให้ร่างกายได้รับวิตามินและเกลือแร่ โดยเลือกผลไม้ที่มีสัมผัสนุ่ม และผักควรต้มหรือนึ่งให้สุก หากเป็นผลไม้ที่มีเนื้อแข็งควรนำมาปั่นหรือบดให้ละเอียดก่อน\r\n\r\nข้าว แป้ง\r\nควรได้รับอย่างพอเหมาะ วันละ 3-4 ถ้วยตวง\r\n\r\nน้ำสะอาด\r\nวันละ 30-35 มิลลิลิตรต่อน้ำหนักตัว 1 กิโลกรัม หรือประมาณวันละ 6-8 แก้วนั่นเอง\r\n\r\nอาหารแนะนำ\r\n\r\nอาหารเช้า         \r\nข้าวสวยหรือข้าวกล้อง 2 ทัพพี   ผัดผักบุ้งไฟแดง 1 ทัพพี ปลานึ่งราดซีอิ้ว (2 ช้อนกินข้าว)   แก้วมังกร 6 ชิ้นคำ อาหารว่างเช้า นมถั่วเหลืองไม่หวาน หรือ นมพร่องมันเนย 1 แก้ว\r\n\r\nอาหารกลางวัน  \r\nเกี้ยวน้ำ 1 ถ้วย เต้าหู้นึ่ง (เต้าหู้อ่อนครึ่งหลอด) มะละกอสุก 6 ชิ้นคำ     \r\n\r\nอาหารว่างบ่าย   \r\nกล้วยน้ำว้าขนาดกลาง ปิ้ง 1 ผล หรือ ขนาดเล็ก 2 ผล โยเกิร์ตไขมันต่ำ 1 ถ้วย\r\n\r\nอาหารเย็น       \r\nข้าวสวยหรือข้าวกล้อง 2 ทัพพี แกงจืดฟักไก่สับเห็ดหอม น้ำพริกหนุ่ม ผักต้ม ปลาดุกย่างครึ่งตัว แตงโม 6 ชิ้นคำ', '', '2017-01-10 04:21:48'),
(7, 'k7.jpg', 'การรับประทานอาหารอย่างถูกหลัก\r\n\r\n- กินอาหารให้ได้สัดส่วน ครบ 5 หมู่ รวมถึงอาหารที่มีกากเส้นใย \r\n- กินอาหารที่มี กาก ให้เพียงพอ เช่น ผัก ผลไม้ \r\n- กินอาหารที่มี แคลเซียม สูง เช่น นม ปลาที่มีกระดูก งาดำ ถั่วเหลือง \r\n- ดื่ม น้ำ 2 ลิตรต่อวัน เลี่ยงการดื่มน้ำมากตอนก่อนนอนในกรณีที่ต้อง ตื่นมาปัสสาวะบ่อย\r\n-กินอาหารที่มี ธาตุเหล็ก เพียงพอ เช่น เนื้อสัตว์ ไข่ เมล็ดพืช ถั่ว\r\n\r\nอาหารหลัก 5 หมู่ประกอบไปด้วย\r\n\r\n• โปรตีน : เนื้อวัว หมู ปลา เป็ด ไก่ นม ถั่ว \r\n• คาร์โบไฮเดรต : ข้าว มัน ขนมปัง น้ำตาล แป้งต่างๆจากพืช \r\n• ไขมัน : ไขมันจากสัตว์และพืช นม \r\n• วิตามิน :   - เอ : นม ปลา น้ำมันตับปลา ผักใบเขียว ตับ ไต \r\n                   - บี : ตับ ไต เนื้อ ปลา ถั่ว ข้าวกล้อง ถั่วเหลือง นม \r\n                   - ซี : ผลไม้สด น้ำผลไม้ มะเขือเทศ ผักใบเขียว มันฝรั่ง พริก กะหล่ำปลี \r\n                   - ดี : นม ตับ น้ำมันตับปลา มาการีน ถั่วงอก \r\n                   - อี : ไขมันจากปลาทะเล น้ำมันพืช ถั่วเหลือง จมูกข้าวสาลี \r\n• เกลือแร่ : - เหล็ก: ไข่  ตับ ไต เนื้อสัตว์ ผักใบเขียว เล็ดพืชทั้งเมล็ด\r\n                   - แคลเซียม: นม ผลไม้   ผัก ถั่ว เมล็ดพืชทั้งเมล็ด', '', '2017-01-10 04:21:54'),
(8, 'k8.jpg', 'เคล็ดลับเพื่อการเป็นผู้สูงวัยอย่างมีสุขภาพดี\r\n\r\n-รับประทานอาหารให้ครบทุกหมู่ ไม่มากเกินไปและไม่น้อยเกินไป\r\n-รับประทานโปรตีนให้เพียงพอในแต่ละมื้อ หากไม่อยากรับประทานเนื้อสัตว์เพราะเคี้ยวยาก ย่อยยาก ให้รับประทานโปรตีนจากถั่ว เต้าหู้ หรือปลา\r\n-รับประทานแคลเซียมให้ครบ 1,000 มิลลิกรัมต่อวัน ทั้งจากอาหารหรือผลิตภัณฑ์เสริมอาหาร\r\n-นอนหลับให้เพียงพออย่างน้อยวันละ 6 ชั่วโมง\r\n-เคลื่อนไหวร่างกายตลอดเวลา หลีกเลี่ยงการนั่งหรือนอนนิ่งๆ\r\n-ดูแลสุขภาพจิตให้แจ่มใส ด้วยการทำงานอดิเรก พูดคุยกับเพื่อนฝูง\r\n-ตรวจสุขภาพอย่างน้อยทุกครึ่งปีถึงหนึ่งปี\r\n-มีแพทย์ประจำตัว และไม่รับประทานยาเอง แจ้งชื่อยาที่รับประทานอยู่ทุกชนิดให้แพทย์ทราบทุกครั้งก่อนรับยาใหม่\r\n-รักษาความดันโลหิตให้อยู่ในเกณฑ์ปกติ\r\n-ฝึกสมองด้วยการเล่นเกม\r\n-ปรึกษาแพทย์หากมีอาการเบื่ออาหาร เพราะอาจเกิดได้จากหลายสาเหตุ เช่น ผลข้างเคียงจากยาที่รับประทานอยู่ ปัญหาการย่อยอาหาร ปัญหาเรื่องฟัน', '', '2017-01-10 04:22:01'),
(9, 'k9.jpg', '5 เรื่องที่ควรใส่ใจสำหรับการดูแลผู้สูงวัย\r\n\r\n1.การดูแลสุขภาพช่องปาก\r\nควรแปรงฟันอย่างน้อยวันละ 2 ครั้ง เช้าและก่อนนอน นานประมาณ 2 นาที โดยแปรงฟันให้ทั่วถึงและควรทำความสะอาดลิ้นเบาๆ\r\nเลือกใช้อุปกรณ์เสริมอื่นๆ ที่เหมาะสมร่วมด้วย เช่น ไม้จิ้มฟัน ไหมขัดฟัน แปรงซอกฟัน\r\nหากใส่ฟันปลอม ควรทำความสะอาดฟันปลอมอย่างถูกวิธี\r\nฟันปลอมชนิดถอดได้ ควรถอดฟันปลอมออกมาทำความสะอาดหลังรับประทานอาหารทุกมื้อ โดยใช้แปรงสีฟันขนอ่อนกับน้ำสบู่ แล้วล้างด้วยน้ำสะอาด ห้ามใช้ผงขัด ถ้ามีคราบฝังแน่นติดฟันปลอมสามารถแช่ในน้ำยาแช่ฟันปลอมหรือน้ำผสมเม็ดฟู่สำหรับฟันปลอม เพื่อช่วยขจัดคราบและฆ่าเชื้อโรคได้ ที่สำคัญคือ ก่อนนอนจะต้องถอดฟันปลอมเพื่อให้เหงือกได้พักผ่อนและเอาฟันปลอมแช่น้ำไว้เสมอ ไม่ให้ฟันปลอมแตกแห้ง\r\nฟันปลอมชนิดติดแน่น แปรงฟันหลังอาหารทุกมื้อ ควรใช้ไหมขัดฟันสอดเข้าทำความสะอาดใต้ฟันปลอมและขอบเหงือก และพบทันตแพทย์ทุก 6 เดือน\r\nควรพบทันตแพทย์เพื่อตรวจสุขภาพฟันและเหงือกอย่างน้อยปีละ 1 ครั้ง\r\n\r\n2.การดูแลผิวหนัง\r\nผู้สูงวัยมักพบปัญหาผิวแห้ง ซึ่งเกิดจากต่อมไขมันที่ผิวหนังขับน้ำมันหล่อเลี้ยงได้น้อยกว่าเดิม ทำให้ความชุ่มชื้นลดลง จึงเกิดผิวหนังแห้งและแตก จนเกิดอาการคันที่ผิวหนังได้\r\n\r\nควรอาบน้ำอุ่นเท่าที่จำเป็น ไม่นอนแช่หรือราดน้ำอุ่นบริเวณใดบริเวณหนึ่งนานๆ เพราะจะทำให้ผิวหนังเกิดการแตก แห้ง และคันมากขึ้น\r\nควรเลือกใช้สบู่อ่อนหรือสบู่ที่ให้ความชุ่มชื้น\r\nใช้ครีมหรือโลชั่นทาผิว เพื่อเพิ่มความชุ่มชื้นให้ผิวหนัง\r\nไม่ควรเกาผิวหนัง หากมีอาการคันมาก ควรปรึกษาแพทย์\r\n\r\n3. การดูแลเมื่อมีอาการท้องผูก\r\nกระตุ้นให้ถ่ายอุจจาระ โดยให้ขับถ่ายเป็นเวลาทุกวัน จัดสภาพแวดล้อมขณะขับถ่ายให้สะดวก นั่งถ่ายบนโถส้วม ขณะถ่ายอุจจาระให้นวดหน้าท้องเบาๆ เกร็งกล้ามเนื้อหน้าท้องบ่อยๆ\r\nป้องกันไม่ให้ท้องผูกซ้ำ โดยกระตุ้นให้ออกกำลังกายหรือเคลื่อนไหวร่างกายบ่อยๆ รับประทานอาหารที่มีกากใยมาก เช่น ผักผลไม้สด ธัญพืช ถั่ว ลูกพรุน ดื่มน้ำอย่างน้อยวันละ 2-3 ลิตร ฝึกนิสัยการขับถ่ายอุจจาระให้เป็นเวลา หมั่นประเมินและบันทึกความถี่ของการขับถ่ายอุจจาระ ลักษณะและสีของอุจจาระ\r\nหากต้องใช้ยาระบาย ควรใช้ยาเพิ่มกากใยอาหารหรือยาที่ทำให้อุจจาระนิ่ม ตามคำแนะนำของแพทย์\r\n\r\n4.  การดูแลเมื่อมีอาการท้องเสีย\r\nควรดูแลช่วยเหลือให้ผู้สูงอายุไปห้องน้ำได้ทัน เพราะส่วนมากมักกลั้นอุจจาระไม่ได้ จัดท่าให้สุขสบายในขณะขับถ่าย ควรให้นั่งถ่ายบนโถส้วม ไม่ควรนั่งยองๆ หลังการขับถ่ายควรทำความสะอาดด้วยน้ำและซับให้แห้งทุกครั้ง ดูแลผิวหนังบริเวณทวารหนักและฝีเย็บให้สะอาดและแห้งอยู่เสมอ ควรนอนพักบนเตียงและรับประทานยาตามแผนการรักษาของแพทย์ (ถ้ามี)\r\nป้องกันไม่ให้เกิดภาวะแทรกซ้อน โดยเฉพาะภาวะขาดน้ำและเกลือแร่ โดยในระยะแรกอาจงดอาหารเพื่อไม่กระตุ้นลำไส้ให้เคลื่อนไหวมาก ซึ่งจะทำให้เสียน้ำและเกลือแร่มาก ควรดื่มสารละลายผงเกลือแร่ น้ำหวาน หรือน้ำอัดลมที่เขย่าฟองให้หมดแล้วเติมเกลือเล็กน้อย เมื่ออาการดีขึ้นและไม่มีอาการอาเจียนแล้ว จึงค่อยรับประทานอาหารย่อยง่าย มีกากน้อย รสอ่อน ไม่มีไขมัน ควรดื่มน้ำทดแทนการสูญเสียอย่างน้อยวันละ 2-3 ลิตร หากยังมีอาการอาเจียนหรือถ่ายเหลวมาก ควรพบแพทย์เพื่อพิจารณาให้สารน้ำทางหลอดเลือดดำ\r\nหมั่นสังเกตภาวะขาดน้ำและเกลือแร่ เช่น กระหายน้ำมาก ผิวขาดความตึงตัว ใจสั่น ปวดท้อง เป็นตะคริว ซึม สับสน เป็นต้น\r\n\r\n5.  การดูแลเมื่อมีอาการท้องอืดหรือกรดไหลย้อน\r\nหลีกเลี่ยงการใส่เสื้อผ้าที่แน่นเกินไป หรืองดกิจกรรมที่เพิ่มแรงดันในช่องท้อง เปลี่ยนท่าบ่อยๆ ควรผายลมและเรอออกมาโดยไม่ต้องกลั้นเอาไว้ รับประทานยาตามแผนการรักษาของแพทย์\r\nควรป้องกันไม่ให้ท้องอืดเพิ่มขึ้น โดยรับประทานอาหารช้าๆ ในปริมาณที่พอดี เคี้ยวให้ละเอียดก่อนกลืน หลีกเลี่ยงการรับประทานอาหารที่ทำให้เกิดก๊าซ (เช่น ถั่ว หัวไชเท้า น้ำอัดลม เครื่องเทศ อาหารรสจัด เป็นต้น) อาหารที่ย่อยยากประเภทไขมันหรืออาหารทอด หลีกเลี่ยงการเคี้ยวหมากฝรั่ง อมทอฟฟี่ และสูบบุหรี่ ไม่ควรดื่มน้ำขณะกำลังรับประทานอาหาร ไม่นอนหรือออกกำลังกายหนักทันทีหลังรับประทานอาหาร ควรออกกำลังกายและให้ร่างกายมีการเคลื่อนไหวอยู่เสมอ\r\n\r\nเรียบเรียงโดย คลินิกสุขภาพผู้สูงอายุนิวไลฟ์ ศูนย์อายุรกรรม โรงพยาบาลบำรุงราษฎร์', '', '2017-01-10 04:21:13');

-- --------------------------------------------------------

--
-- Table structure for table `manual`
--

CREATE TABLE `manual` (
  `manual_id` int(11) NOT NULL,
  `manual_video` varchar(1000) COLLATE utf8_unicode_ci NOT NULL,
  `manual_word` varchar(1000) COLLATE utf8_unicode_ci NOT NULL,
  `timestamp` timestamp NOT NULL DEFAULT CURRENT_TIMESTAMP
) ENGINE=InnoDB DEFAULT CHARSET=utf8 COLLATE=utf8_unicode_ci;

--
-- Dumping data for table `manual`
--

INSERT INTO `manual` (`manual_id`, `manual_video`, `manual_word`, `timestamp`) VALUES
(1, 'question_video.mp4', 'messageImage.jpg', '2016-12-30 09:26:09');

-- --------------------------------------------------------

--
-- Table structure for table `member`
--

CREATE TABLE `member` (
  `member_id` int(11) NOT NULL,
  `member_name` varchar(500) CHARACTER SET utf8 NOT NULL,
  `member_address` varchar(1000) CHARACTER SET utf8 NOT NULL,
  `member_mobile` varchar(20) CHARACTER SET utf8 NOT NULL,
  `member_email` varchar(500) COLLATE utf8_unicode_ci DEFAULT NULL,
  `timestamp` timestamp NOT NULL DEFAULT CURRENT_TIMESTAMP,
  `user_id` int(11) NOT NULL
) ENGINE=InnoDB DEFAULT CHARSET=utf8 COLLATE=utf8_unicode_ci;

--
-- Dumping data for table `member`
--

INSERT INTO `member` (`member_id`, `member_name`, `member_address`, `member_mobile`, `member_email`, `timestamp`, `user_id`) VALUES
(1, 'Thanongsak Thailand1', 'sdsdsdsd', '0896655222', '', '2016-11-30 16:32:04', 13),
(3, 'aasasa', 'sdsdsdsd', '3444444444', 'sdad', '2016-11-30 16:35:19', 15),
(4, 'admin admin', 'address', '0999999999', 'admin@oldermore.com', '2016-12-07 19:14:10', 1),
(5, 'test jaa2', 'ssasdasdadad', '085966666', 'aaaa@kkk@mail.com', '2017-01-08 08:23:41', 16),
(6, 'aaaa', 'fdfdfdfdfdf', '0944444444', 'ssss', '2017-01-16 10:32:46', 17),
(7, 'sdsds dsdsd', 'gdsggsgds\nsdgsg\nsggsg', '0909029829', 'dddds@ggd.com', '2017-01-16 10:36:22', 18);

-- --------------------------------------------------------

--
-- Table structure for table `post`
--

CREATE TABLE `post` (
  `id` int(11) NOT NULL,
  `image` varchar(1000) COLLATE utf8_unicode_ci DEFAULT NULL,
  `status` text COLLATE utf8_unicode_ci,
  `url` varchar(1000) COLLATE utf8_unicode_ci DEFAULT NULL,
  `user_id` int(11) NOT NULL,
  `timeStamp` timestamp NOT NULL DEFAULT CURRENT_TIMESTAMP
) ENGINE=InnoDB DEFAULT CHARSET=utf8 COLLATE=utf8_unicode_ci;

--
-- Dumping data for table `post`
--

INSERT INTO `post` (`id`, `image`, `status`, `url`, `user_id`, `timeStamp`) VALUES
(1, '/images_app/a1.jpg', 'aaaaaaaaaaaaaaaaaaaaaaaaaaaaa', NULL, 13, '2017-01-09 17:43:48'),
(2, '/images_app/a22.jpg', 'Happy New Year 2017.', NULL, 13, '2017-01-09 17:52:05'),
(3, 'Screenshot_2016-12-12-20-33-12.png', 'sa bay jung....', NULL, 13, '2017-01-09 18:03:12'),
(4, '/images_app/a2.jpg', 'My house eiei 55555+++++++.\nWhat it is???', NULL, 13, '2017-01-09 18:06:25'),
(5, '/images_app/a5.jpg', 'Rose ja eiei.', NULL, 13, '2017-01-10 06:14:35'),
(6, '/images_app/a6.jpg', 'fdslkjfhslkjfhlksafjh;oksafj;ldsaf\ndsafsadfadsf\ndsafsaf\nsafd', NULL, 13, '2017-01-09 10:02:07');

-- --------------------------------------------------------

--
-- Table structure for table `user`
--

CREATE TABLE `user` (
  `user_id` int(11) NOT NULL,
  `username` varchar(250) CHARACTER SET utf8 NOT NULL,
  `password` varchar(250) CHARACTER SET utf8 NOT NULL,
  `user_image` varchar(500) COLLATE utf8_unicode_ci NOT NULL,
  `type` enum('ADMIN','USER') CHARACTER SET utf8 NOT NULL DEFAULT 'USER',
  `timestamp` timestamp NULL DEFAULT CURRENT_TIMESTAMP ON UPDATE CURRENT_TIMESTAMP
) ENGINE=InnoDB DEFAULT CHARSET=utf8 COLLATE=utf8_unicode_ci;

--
-- Dumping data for table `user`
--

INSERT INTO `user` (`user_id`, `username`, `password`, `user_image`, `type`, `timestamp`) VALUES
(1, 'admin', 'admin', 'abc.jpg', 'ADMIN', '2016-12-07 19:04:36'),
(13, 'test', '1234', 'Screenshot_2016-12-07-23-14-06.png', 'USER', '2016-12-30 10:43:30'),
(15, 'aaaaa', '1234', '', 'USER', '2016-11-30 16:35:19'),
(16, 'test2', '1234', 'Screenshot_2016-12-12-20-33-03.png', 'USER', '2017-01-08 08:24:22'),
(17, 'test3', '1234', '', 'USER', '2017-01-16 10:32:46'),
(18, 'test4', '1234', '', 'USER', '2017-01-16 10:36:22');

--
-- Indexes for dumped tables
--

--
-- Indexes for table `chat`
--
ALTER TABLE `chat`
  ADD PRIMARY KEY (`id`);

--
-- Indexes for table `emergency`
--
ALTER TABLE `emergency`
  ADD PRIMARY KEY (`emergency_id`),
  ADD KEY `emergency_id` (`emergency_id`);

--
-- Indexes for table `emergency_phone`
--
ALTER TABLE `emergency_phone`
  ADD PRIMARY KEY (`id`);

--
-- Indexes for table `friend`
--
ALTER TABLE `friend`
  ADD PRIMARY KEY (`id`);

--
-- Indexes for table `health`
--
ALTER TABLE `health`
  ADD PRIMARY KEY (`health_id`),
  ADD KEY `health_id` (`health_id`);

--
-- Indexes for table `knowledge`
--
ALTER TABLE `knowledge`
  ADD PRIMARY KEY (`id`),
  ADD KEY `id` (`id`);

--
-- Indexes for table `manual`
--
ALTER TABLE `manual`
  ADD PRIMARY KEY (`manual_id`),
  ADD KEY `manual_id` (`manual_id`);

--
-- Indexes for table `member`
--
ALTER TABLE `member`
  ADD PRIMARY KEY (`member_id`),
  ADD KEY `member_id` (`member_id`);

--
-- Indexes for table `post`
--
ALTER TABLE `post`
  ADD PRIMARY KEY (`id`),
  ADD KEY `id` (`id`);

--
-- Indexes for table `user`
--
ALTER TABLE `user`
  ADD PRIMARY KEY (`user_id`),
  ADD KEY `user_id` (`user_id`);

--
-- AUTO_INCREMENT for dumped tables
--

--
-- AUTO_INCREMENT for table `chat`
--
ALTER TABLE `chat`
  MODIFY `id` int(11) NOT NULL AUTO_INCREMENT, AUTO_INCREMENT=17;
--
-- AUTO_INCREMENT for table `emergency`
--
ALTER TABLE `emergency`
  MODIFY `emergency_id` int(11) NOT NULL AUTO_INCREMENT, AUTO_INCREMENT=7;
--
-- AUTO_INCREMENT for table `emergency_phone`
--
ALTER TABLE `emergency_phone`
  MODIFY `id` int(11) NOT NULL AUTO_INCREMENT, AUTO_INCREMENT=10;
--
-- AUTO_INCREMENT for table `friend`
--
ALTER TABLE `friend`
  MODIFY `id` int(11) NOT NULL AUTO_INCREMENT, AUTO_INCREMENT=13;
--
-- AUTO_INCREMENT for table `health`
--
ALTER TABLE `health`
  MODIFY `health_id` int(11) NOT NULL AUTO_INCREMENT, AUTO_INCREMENT=7;
--
-- AUTO_INCREMENT for table `knowledge`
--
ALTER TABLE `knowledge`
  MODIFY `id` int(11) NOT NULL AUTO_INCREMENT, AUTO_INCREMENT=10;
--
-- AUTO_INCREMENT for table `manual`
--
ALTER TABLE `manual`
  MODIFY `manual_id` int(11) NOT NULL AUTO_INCREMENT, AUTO_INCREMENT=2;
--
-- AUTO_INCREMENT for table `member`
--
ALTER TABLE `member`
  MODIFY `member_id` int(11) NOT NULL AUTO_INCREMENT, AUTO_INCREMENT=8;
--
-- AUTO_INCREMENT for table `post`
--
ALTER TABLE `post`
  MODIFY `id` int(11) NOT NULL AUTO_INCREMENT, AUTO_INCREMENT=7;
--
-- AUTO_INCREMENT for table `user`
--
ALTER TABLE `user`
  MODIFY `user_id` int(11) NOT NULL AUTO_INCREMENT, AUTO_INCREMENT=19;
/*!40101 SET CHARACTER_SET_CLIENT=@OLD_CHARACTER_SET_CLIENT */;
/*!40101 SET CHARACTER_SET_RESULTS=@OLD_CHARACTER_SET_RESULTS */;
/*!40101 SET COLLATION_CONNECTION=@OLD_COLLATION_CONNECTION */;
